out_file,src_image,score,note
C:\Users\Lütfullah\OneDrive\Desktop\HOG+SVM_PROJESI\baseline_work\prepared\neg_hard\00000003a_hn01.jpg,C:\Users\Lütfullah\OneDrive\Desktop\HOG+SVM_PROJESI\data\INRIA_raw\Train\neg\00000003a.png,2.476054,thr=1.5
C:\Users\Lütfullah\OneDrive\Desktop\HOG+SVM_PROJESI\baseline_work\prepared\neg_hard\00000010a_hn01.jpg,C:\Users\Lütfullah\OneDrive\Desktop\HOG+SVM_PROJESI\data\INRIA_raw\Train\neg\00000010a.png,2.008588,thr=1.5
C:\Users\Lütfullah\OneDrive\Desktop\HOG+SVM_PROJESI\baseline_work\prepared\neg_hard\00000015a_hn01.jpg,C:\Users\Lütfullah\OneDrive\Desktop\HOG+SVM_PROJESI\data\INRIA_raw\Train\neg\00000015a.png,1.537111,thr=1.5
C:\Users\Lütfullah\OneDrive\Desktop\HOG+SVM_PROJESI\baseline_work\prepared\neg_hard\00000030a_hn01.jpg,C:\Users\Lütfullah\OneDrive\Desktop\HOG+SVM_PROJESI\data\INRIA_raw\Train\neg\00000030a.png,2.151606,thr=1.5
C:\Users\Lütfullah\OneDrive\Desktop\HOG+SVM_PROJESI\baseline_work\prepared\neg_hard\00000055a_hn01.jpg,C:\Users\Lütfullah\OneDrive\Desktop\HOG+SVM_PROJESI\data\INRIA_raw\Train\neg\00000055a.png,1.764991,thr=1.5
C:\Users\Lütfullah\OneDrive\Desktop\HOG+SVM_PROJESI\baseline_work\prepared\neg_hard\00000056a_hn01.jpg,C:\Users\Lütfullah\OneDrive\Desktop\HOG+SVM_PROJESI\data\INRIA_raw\Train\neg\00000056a.png,2.354361,thr=1.5
C:\Users\Lütfullah\OneDrive\Desktop\HOG+SVM_PROJESI\baseline_work\prepared\neg_hard\00000058a_hn01.jpg,C:\Users\Lütfullah\OneDrive\Desktop\HOG+SVM_PROJESI\data\INRIA_raw\Train\neg\00000058a.png,1.720416,thr=1.5
C:\Users\Lütfullah\OneDrive\Desktop\HOG+SVM_PROJESI\baseline_work\prepared\neg_hard\00000083a_hn01.jpg,C:\Users\Lütfullah\OneDrive\Desktop\HOG+SVM_PROJESI\data\INRIA_raw\Train\neg\00000083a.png,1.746647,thr=1.5
C:\Users\Lütfullah\OneDrive\Desktop\HOG+SVM_PROJESI\baseline_work\prepared\neg_hard\00000101a_hn01.jpg,C:\Users\Lütfullah\OneDrive\Desktop\HOG+SVM_PROJESI\data\INRIA_raw\Train\neg\00000101a.png,2.169015,thr=1.5
C:\Users\Lütfullah\OneDrive\Desktop\HOG+SVM_PROJESI\baseline_work\prepared\neg_hard\00000104a_hn01.jpg,C:\Users\Lütfullah\OneDrive\Desktop\HOG+SVM_PROJESI\data\INRIA_raw\Train\neg\00000104a.png,1.746172,thr=1.5
C:\Users\Lütfullah\OneDrive\Desktop\HOG+SVM_PROJESI\baseline_work\prepared\neg_hard\00000104a_hn02.jpg,C:\Users\Lütfullah\OneDrive\Desktop\HOG+SVM_PROJESI\data\INRIA_raw\Train\neg\00000104a.png,1.618981,thr=1.5
C:\Users\Lütfullah\OneDrive\Desktop\HOG+SVM_PROJESI\baseline_work\prepared\neg_hard\00000105a_hn01.jpg,C:\Users\Lütfullah\OneDrive\Desktop\HOG+SVM_PROJESI\data\INRIA_raw\Train\neg\00000105a.png,1.641710,thr=1.5
C:\Users\Lütfullah\OneDrive\Desktop\HOG+SVM_PROJESI\baseline_work\prepared\neg_hard\00000107a_hn01.jpg,C:\Users\Lütfullah\OneDrive\Desktop\HOG+SVM_PROJESI\data\INRIA_raw\Train\neg\00000107a.png,2.273565,thr=1.5
C:\Users\Lütfullah\OneDrive\Desktop\HOG+SVM_PROJESI\baseline_work\prepared\neg_hard\00000108a_hn01.jpg,C:\Users\Lütfullah\OneDrive\Desktop\HOG+SVM_PROJESI\data\INRIA_raw\Train\neg\00000108a.png,1.676094,thr=1.5
C:\Users\Lütfullah\OneDrive\Desktop\HOG+SVM_PROJESI\baseline_work\prepared\neg_hard\00000109a_hn01.jpg,C:\Users\Lütfullah\OneDrive\Desktop\HOG+SVM_PROJESI\data\INRIA_raw\Train\neg\00000109a.png,2.102268,thr=1.5
C:\Users\Lütfullah\OneDrive\Desktop\HOG+SVM_PROJESI\baseline_work\prepared\neg_hard\00000109a_hn02.jpg,C:\Users\Lütfullah\OneDrive\Desktop\HOG+SVM_PROJESI\data\INRIA_raw\Train\neg\00000109a.png,1.542311,thr=1.5
C:\Users\Lütfullah\OneDrive\Desktop\HOG+SVM_PROJESI\baseline_work\prepared\neg_hard\00000112a_hn01.jpg,C:\Users\Lütfullah\OneDrive\Desktop\HOG+SVM_PROJESI\data\INRIA_raw\Train\neg\00000112a.png,2.316818,thr=1.5
C:\Users\Lütfullah\OneDrive\Desktop\HOG+SVM_PROJESI\baseline_work\prepared\neg_hard\00000113a_hn01.jpg,C:\Users\Lütfullah\OneDrive\Desktop\HOG+SVM_PROJESI\data\INRIA_raw\Train\neg\00000113a.png,1.592913,thr=1.5
C:\Users\Lütfullah\OneDrive\Desktop\HOG+SVM_PROJESI\baseline_work\prepared\neg_hard\00000118a_hn01.jpg,C:\Users\Lütfullah\OneDrive\Desktop\HOG+SVM_PROJESI\data\INRIA_raw\Train\neg\00000118a.png,1.827418,thr=1.5
C:\Users\Lütfullah\OneDrive\Desktop\HOG+SVM_PROJESI\baseline_work\prepared\neg_hard\00000127a_hn01.jpg,C:\Users\Lütfullah\OneDrive\Desktop\HOG+SVM_PROJESI\data\INRIA_raw\Train\neg\00000127a.png,2.982932,thr=1.5
C:\Users\Lütfullah\OneDrive\Desktop\HOG+SVM_PROJESI\baseline_work\prepared\neg_hard\00000127a_hn02.jpg,C:\Users\Lütfullah\OneDrive\Desktop\HOG+SVM_PROJESI\data\INRIA_raw\Train\neg\00000127a.png,1.721586,thr=1.5
C:\Users\Lütfullah\OneDrive\Desktop\HOG+SVM_PROJESI\baseline_work\prepared\neg_hard\00000129a_hn01.jpg,C:\Users\Lütfullah\OneDrive\Desktop\HOG+SVM_PROJESI\data\INRIA_raw\Train\neg\00000129a.png,2.039374,thr=1.5
C:\Users\Lütfullah\OneDrive\Desktop\HOG+SVM_PROJESI\baseline_work\prepared\neg_hard\00000129a_hn02.jpg,C:\Users\Lütfullah\OneDrive\Desktop\HOG+SVM_PROJESI\data\INRIA_raw\Train\neg\00000129a.png,1.501830,thr=1.5
C:\Users\Lütfullah\OneDrive\Desktop\HOG+SVM_PROJESI\baseline_work\prepared\neg_hard\00000135a_hn01.jpg,C:\Users\Lütfullah\OneDrive\Desktop\HOG+SVM_PROJESI\data\INRIA_raw\Train\neg\00000135a.png,1.907858,thr=1.5
C:\Users\Lütfullah\OneDrive\Desktop\HOG+SVM_PROJESI\baseline_work\prepared\neg_hard\00000136a_hn01.jpg,C:\Users\Lütfullah\OneDrive\Desktop\HOG+SVM_PROJESI\data\INRIA_raw\Train\neg\00000136a.png,2.097058,thr=1.5
C:\Users\Lütfullah\OneDrive\Desktop\HOG+SVM_PROJESI\baseline_work\prepared\neg_hard\00000136a_hn02.jpg,C:\Users\Lütfullah\OneDrive\Desktop\HOG+SVM_PROJESI\data\INRIA_raw\Train\neg\00000136a.png,1.883294,thr=1.5
C:\Users\Lütfullah\OneDrive\Desktop\HOG+SVM_PROJESI\baseline_work\prepared\neg_hard\00000149a_hn01.jpg,C:\Users\Lütfullah\OneDrive\Desktop\HOG+SVM_PROJESI\data\INRIA_raw\Train\neg\00000149a.png,1.610086,thr=1.5
C:\Users\Lütfullah\OneDrive\Desktop\HOG+SVM_PROJESI\baseline_work\prepared\neg_hard\00000158a_hn01.jpg,C:\Users\Lütfullah\OneDrive\Desktop\HOG+SVM_PROJESI\data\INRIA_raw\Train\neg\00000158a.png,1.707406,thr=1.5
C:\Users\Lütfullah\OneDrive\Desktop\HOG+SVM_PROJESI\baseline_work\prepared\neg_hard\00000158a_hn02.jpg,C:\Users\Lütfullah\OneDrive\Desktop\HOG+SVM_PROJESI\data\INRIA_raw\Train\neg\00000158a.png,1.563875,thr=1.5
C:\Users\Lütfullah\OneDrive\Desktop\HOG+SVM_PROJESI\baseline_work\prepared\neg_hard\00000166a_hn01.jpg,C:\Users\Lütfullah\OneDrive\Desktop\HOG+SVM_PROJESI\data\INRIA_raw\Train\neg\00000166a.png,2.235634,thr=1.5
C:\Users\Lütfullah\OneDrive\Desktop\HOG+SVM_PROJESI\baseline_work\prepared\neg_hard\00000179a_hn01.jpg,C:\Users\Lütfullah\OneDrive\Desktop\HOG+SVM_PROJESI\data\INRIA_raw\Train\neg\00000179a.png,1.945815,thr=1.5
C:\Users\Lütfullah\OneDrive\Desktop\HOG+SVM_PROJESI\baseline_work\prepared\neg_hard\00000202a_hn01.jpg,C:\Users\Lütfullah\OneDrive\Desktop\HOG+SVM_PROJESI\data\INRIA_raw\Train\neg\00000202a.png,1.542026,thr=1.5
C:\Users\Lütfullah\OneDrive\Desktop\HOG+SVM_PROJESI\baseline_work\prepared\neg_hard\00000237a_hn01.jpg,C:\Users\Lütfullah\OneDrive\Desktop\HOG+SVM_PROJESI\data\INRIA_raw\Train\neg\00000237a.png,1.595527,thr=1.5
C:\Users\Lütfullah\OneDrive\Desktop\HOG+SVM_PROJESI\baseline_work\prepared\neg_hard\00000238a_hn01.jpg,C:\Users\Lütfullah\OneDrive\Desktop\HOG+SVM_PROJESI\data\INRIA_raw\Train\neg\00000238a.png,1.535779,thr=1.5
C:\Users\Lütfullah\OneDrive\Desktop\HOG+SVM_PROJESI\baseline_work\prepared\neg_hard\00000243a_hn01.jpg,C:\Users\Lütfullah\OneDrive\Desktop\HOG+SVM_PROJESI\data\INRIA_raw\Train\neg\00000243a.png,1.501948,thr=1.5
C:\Users\Lütfullah\OneDrive\Desktop\HOG+SVM_PROJESI\baseline_work\prepared\neg_hard\00000263a_hn01.jpg,C:\Users\Lütfullah\OneDrive\Desktop\HOG+SVM_PROJESI\data\INRIA_raw\Train\neg\00000263a.png,2.312714,thr=1.5
C:\Users\Lütfullah\OneDrive\Desktop\HOG+SVM_PROJESI\baseline_work\prepared\neg_hard\00000264a_hn01.jpg,C:\Users\Lütfullah\OneDrive\Desktop\HOG+SVM_PROJESI\data\INRIA_raw\Train\neg\00000264a.png,1.512359,thr=1.5
C:\Users\Lütfullah\OneDrive\Desktop\HOG+SVM_PROJESI\baseline_work\prepared\neg_hard\00000286a_hn01.jpg,C:\Users\Lütfullah\OneDrive\Desktop\HOG+SVM_PROJESI\data\INRIA_raw\Train\neg\00000286a.png,2.142248,thr=1.5
C:\Users\Lütfullah\OneDrive\Desktop\HOG+SVM_PROJESI\baseline_work\prepared\neg_hard\00000300a_hn01.jpg,C:\Users\Lütfullah\OneDrive\Desktop\HOG+SVM_PROJESI\data\INRIA_raw\Train\neg\00000300a.png,1.756112,thr=1.5
C:\Users\Lütfullah\OneDrive\Desktop\HOG+SVM_PROJESI\baseline_work\prepared\neg_hard\00000319a_hn01.jpg,C:\Users\Lütfullah\OneDrive\Desktop\HOG+SVM_PROJESI\data\INRIA_raw\Train\neg\00000319a.png,1.535376,thr=1.5
C:\Users\Lütfullah\OneDrive\Desktop\HOG+SVM_PROJESI\baseline_work\prepared\neg_hard\00000320a_hn01.jpg,C:\Users\Lütfullah\OneDrive\Desktop\HOG+SVM_PROJESI\data\INRIA_raw\Train\neg\00000320a.png,1.719837,thr=1.5
